first_name,last_name,job_title,department,email,address,phone_number,salary,password
Sean,Dennis,Counsellor,Forest/woodland manager,morgantracy@example.net,Angelahaven,(395)478-2648x282,76027,z52mrJ5k
Ashley,Riley,Licensed conveyancer,Customer service manager,jennifer26@example.net,Lake Heatherstad,(414)835-6721x5754,37672,tIwRnejW
Kaylee,Wang,Games developer,Archaeologist,davidhouston@example.com,North Justinport,001-858-589-5782x1507,48566,FMyqUbLC
Elizabeth,Baker,Community education officer,Insurance claims handler,lburton@example.org,Keithburgh,(447)487-2319x4808,44761,GYXs6lg5
Sarah,Jensen,"Civil engineer, consulting",Environmental education officer,jim49@example.net,Lake Davidstad,001-471-977-8096,40803,X5TPpXeO
Rachael,Moore,Financial risk analyst,Electronics engineer,wluna@example.com,Mariaburgh,+1-674-329-4150x8424,98684,G0oC3YpN
Erica,Jimenez,Computer games developer,Exhibition designer,brooksamanda@example.org,Lake Rebeccaburgh,001-312-230-8074,82130,mpSAPlrh
Melanie,Mason,Sales promotion account executive,Metallurgist,nriley@example.org,Robertside,+1-216-729-0164x872,98017,zqEVyckP
Jennifer,Moody,Financial adviser,"Programmer, multimedia",davenportadam@example.net,Port Stephen,001-603-674-6732,48081,avWXcvQe
Kelly,Kramer,Environmental manager,"Surveyor, mining",bryanjackson@example.com,Stephenland,492-786-4547x5331,48398,fqAOyZrS
Deborah,Bell,Civil Service administrator,Product manager,leemark@example.net,South Kellyview,+1-671-343-8574x04982,57917,V2Rr5Tmv
Isaac,Ryan,"Therapist, nutritional",Social worker,mlong@example.org,Harveyland,893-552-9338,86350,uhNdvxl0
Martha,Adkins,Dancer,Armed forces operational officer,taylorsteven@example.org,Juliaville,(902)675-6545,385,bwmvUvXh
Hannah,Brown,"Accountant, chartered public finance",Immunologist,peterskevin@example.org,New Sabrinachester,2475442009,87556,sNH5Lajs
Kyle,Valenzuela,Health physicist,Fitness centre manager,kevinjones@example.net,Weissland,(299)931-9636,3444,drJDJcUX
Rebecca,Price,"Engineer, control and instrumentation",Hotel manager,tracycooper@example.com,Terryburgh,588-493-8729x62353,54287,x87esOEf
Zachary,Perez,Animator,Nature conservation officer,starkthomas@example.net,Davisville,001-310-710-9974x31218,33564,BuARrsaT
Theresa,Dodson,Farm manager,Electrical engineer,carriemitchell@example.org,Patriciaport,4016217956,22811,rwyjMw6b
Jeremy,Allen,"Editor, film/video","Engineer, production",glewis@example.com,Lake Corybury,(510)642-6061x998,13952,Xt1YwOKO
Paul,Cunningham,Trade mark attorney,Clinical molecular geneticist,jessicajensen@example.net,South Douglas,5339612687,76137,Y67uiMnu
David,Turner,Radiation protection practitioner,Advertising account planner,sandra22@example.org,Johnfort,352.535.7477,92346,rjmv8iS8
Adam,Keller,Chartered legal executive (England and Wales),Special educational needs teacher,diazjoshua@example.org,New Bridget,001-903-577-7948x51957,94382,7S4qFm8Y
James,Rodriguez,"Therapist, horticultural","Designer, furniture",hannah83@example.net,Johnsonstad,5377239699,22415,hjmHRUSQ
Adrienne,Bridges,Hotel manager,"Accountant, chartered management",lbridges@example.net,Morganmouth,600.563.5671x0135,65837,MyjcNBmh
Bianca,Johns,Emergency planning/management officer,Retail buyer,nancy47@example.org,Lanceton,532.718.6744,26860,vVH6byZ9
Laura,Meyers,"Physicist, medical",Glass blower/designer,michaelhuynh@example.com,South Johnnyberg,798-794-2800,1577,Krps4RsM
Donald,Romero,Naval architect,Technical author,eric92@example.org,Hamptonbury,(846)537-7307,61277,se029RXQ
Kimberly,Guerrero,Museum/gallery curator,TEFL teacher,mannamanda@example.org,Sarahmouth,833.817.0058,1521,J8QdNRr2
James,Johnson,"Doctor, hospital",Hydrogeologist,beth36@example.org,Michaelberg,710.843.7910x49888,56669,MnjKGcpG
Catherine,Summers,Prison officer,Occupational psychologist,allison33@example.net,Davisshire,(565)719-7929x357,2373,pQMJT2zN
Brandi,Rodriguez,Clothing/textile technologist,"Lighting technician, broadcasting/film/video",jessicamartin@example.net,Cameronfurt,+1-688-262-9904x671,93678,UO0KmdXQ
Patrick,Duran,Television camera operator,Biomedical engineer,rtate@example.com,Lawrenceville,(616)525-8113x95641,21787,Uyi03MXW
Gregory,Brady,"Civil engineer, contracting",Financial planner,aliciaalexander@example.net,Jeffreyside,+1-969-329-6675x090,32012,VNNYXQaz
Jay,Hawkins,Garment/textile technologist,Artist,brittany67@example.net,Cherylchester,4425680153,88547,pr3sJza1
Shannon,Skinner,"Scientist, clinical (histocompatibility and immunogenetics)",Seismic interpreter,lisaknight@example.org,Kyletown,588.659.6668x04722,2220,pOyLzV4L
Laura,Lopez,Training and development officer,Catering manager,butlerjeffrey@example.org,North Michelle,284-348-4558,8036,WG4JYnl0
John,Collins,Air broker,Location manager,iyates@example.org,East Emily,+1-379-564-2327x821,8661,RNIe9ikg
Christina,Soto,Professor Emeritus,"Lecturer, higher education",jthompson@example.com,Port Davidland,001-202-844-4505x7741,29275,1rDYgVAg
Diana,Smith,Health promotion specialist,Actuary,smithderek@example.net,Port Randy,(613)423-5431,17604,oFlKXwma
Adam,Green,Risk analyst,Government social research officer,christopherkelly@example.com,South Charlesborough,2467480653,56411,XJuTm9KS
Jennifer,Campbell,Financial trader,Field trials officer,stephanieyoung@example.com,Millerfort,+1-450-321-0064x339,47717,N6NxO6oH
David,Herman,Air traffic controller,Health service manager,samanthamaynard@example.com,Port Davidchester,696.927.9451,69493,36GpPRoF
Robert,Orr,"Psychologist, sport and exercise","Radiographer, diagnostic",caroljefferson@example.org,Petersville,(789)479-5296,80087,QWBKPIeD
Bruce,Smith,Health promotion specialist,"Civil engineer, contracting",charlesedwards@example.com,South Dianeberg,671.930.7014x904,69867,lQr6HA8n
Tina,Simpson,Careers adviser,Structural engineer,joneshenry@example.com,Amberland,531.590.4549x91229,75734,KlmmgPN5
Crystal,Gomez,Best boy,Structural engineer,kaylajacobs@example.org,Turnertown,472.319.1400,88767,6t1rvOn0
Jeffery,Williams,Probation officer,"Presenter, broadcasting",zhunter@example.net,Port Williamville,001-848-746-3659x4863,67514,NhojWUaI
Ana,Jordan,Corporate treasurer,Advertising account executive,jessica77@example.com,South Raymondstad,(704)587-8960x0535,44147,CMlGlzD8
Lauren,Hardy,Garment/textile technologist,Community education officer,megan11@example.com,Morganshire,(385)315-5477,62894,qmd4mgMi
Stacey,Acosta,Dance movement psychotherapist,Theme park manager,tommy62@example.org,Kaylaberg,+1-603-295-8116x81572,31496,hdHXoEig
Michael,Ramirez,Health physicist,Herpetologist,reynoldsjoshua@example.org,West Madisontown,+1-579-418-2667x2312,12298,caqZZ0mV
Derek,Davis,Emergency planning/management officer,Astronomer,sara18@example.org,New Krista,+1-279-756-3434,14378,6uqDvalt
David,Flores,Aid worker,Marine scientist,markcarter@example.com,South Daniel,001-414-335-6822x04476,11279,pmZG6KYS
Megan,Wright,Printmaker,Energy manager,michelle34@example.com,Shepherdburgh,+1-587-367-8629,72871,r1XRE2Cr
Nancy,Vaughn,Press photographer,Exhibition designer,dwalker@example.org,South Jennifer,429-497-1045,63020,8wIZW3Xi
William,Reed,"Administrator, sports",Advertising art director,victor96@example.net,New Richardmouth,001-528-671-3689,4067,WkW1mJ4y
Victoria,Wilkins,Ergonomist,Financial manager,kristy93@example.org,Longside,4323515654,52542,zP9bD46L
Karen,Jones,Lexicographer,Biomedical engineer,denisemunoz@example.net,Davidfort,819.510.8421,30426,Karsn9aP
Hannah,Hampton,Medical laboratory scientific officer,Special educational needs teacher,shannon10@example.org,Mendozachester,001-692-764-5576x2430,68659,1H8ss7q3
Amy,Ortiz,Financial planner,Legal executive,bthomas@example.org,Port Tylerland,214-544-6775,25433,m6YXaLsl
Christina,Miller,Government social research officer,"Scientist, physiological",kylehoward@example.org,Josephchester,671.985.1331,44305,hhmo7WX0
Manuel,Herman,Contracting civil engineer,Training and development officer,devondavis@example.net,West Tiffany,(574)933-6828x798,10003,HW7EA1zU
Eric,Lee,"Development worker, international aid","Programmer, systems",arnoldmichael@example.com,West Sarahchester,(219)581-8486x5304,11318,rozoQgc2
Frank,Lamb,Software engineer,Petroleum engineer,gfletcher@example.com,Lake Lisa,7532542481,19976,D7pqzeEl
Jason,Nicholson,"Conservator, furniture","Teacher, special educational needs",sierraroman@example.com,South Margaret,+1-376-799-3395,57272,dYmMjkwR
Angela,Thomas,"Therapist, nutritional",Recycling officer,bairdandrea@example.net,Richardsborough,(480)864-0988x4426,25695,52any2uu
Patty,Morales,Civil Service administrator,"Physicist, medical",ajohnson@example.com,Jordanmouth,(729)840-4907,46655,C1KQ9qnm
Mary,Duarte,Dealer,Geographical information systems officer,wrightjose@example.org,Lake Seanmouth,9587462183,76949,0lZXYuYh
Wayne,Lee,Chief Technology Officer,Herbalist,ydaugherty@example.com,South Jonathan,367-968-2377x30568,52674,jVBaQhT2
David,Mathis,Games developer,Sports administrator,omaryoung@example.org,East Kimberly,001-357-756-1467x019,34825,IqO1VXUd
Breanna,Alexander,Social researcher,Furniture conservator/restorer,anthony85@example.com,Ronaldview,(529)752-0135x463,63570,mfOTyIuZ
Joseph,Brown,"Engineer, broadcasting (operations)","Nurse, mental health",greenesheila@example.org,North Joseph,538.672.7194,94445,mQ7gox5O
Chad,Shaw,"Psychologist, occupational",TEFL teacher,jamesgregory@example.org,North Deanland,(846)895-7107x24771,50100,xUOX5HMr
James,Brown,Education administrator,Technical author,swarren@example.net,Friedmanview,557-796-8916x900,80513,tb6t7iZm
Hunter,Robinson,Maintenance engineer,Technical sales engineer,camposhunter@example.com,Scottport,360.819.1918x94495,20780,16bmhmJF
Anne,Gonzalez,Nutritional therapist,Network engineer,justincannon@example.org,East Lori,(369)307-2348x35742,5940,3YU0CtoN
Phillip,Garcia,Radio broadcast assistant,"Teacher, special educational needs",delacruzdeborah@example.com,South Benjamin,407-485-9897x0570,73599,Rdo1Bvmk
Linda,Smith,IT technical support officer,Electrical engineer,gregorymichael@example.com,West Megan,001-220-496-0408x45466,69687,3BWouB74
Donna,Hunter,Production engineer,"Engineer, mining",clinecassandra@example.net,North Michealton,827-744-3709x101,90839,glmgSbky
Dylan,Silva,Commercial horticulturist,Chief Technology Officer,hernandezsara@example.net,New Patrick,625-358-6670,42331,4wuJhJuJ
Audrey,Davis,"Therapist, horticultural",Hydrologist,hannahhicks@example.com,Riveraberg,(611)600-6289,28939,5VehQUUs
Anthony,Fernandez,Operational investment banker,Senior tax professional/tax inspector,brentlewis@example.com,Gabrielburgh,562-716-8077,57013,SsRy4rZW
Shannon,Washington,Dealer,"Therapist, occupational",cookaaron@example.com,East Jeffrey,245.557.7070x967,70396,oDQaZir4
Felicia,Smith,Legal executive,Records manager,derekbecker@example.org,West Dana,354-673-7856x3269,74158,MW3Nhkj7
Nicholas,Richards,Copy,Art therapist,kevin27@example.org,West Andrew,7694101650,44770,1SZeNJnt
James,Thompson,Barrister's clerk,"Conservator, museum/gallery",qwilson@example.net,Milesburgh,913-312-2718x84666,93924,6GLa9N96
Anthony,Nelson,Higher education careers adviser,"Engineer, mining",mscott@example.org,Garciaview,986.811.2278x35518,83146,k0viQ7a4
Justin,Patterson,Engineering geologist,Water quality scientist,christine46@example.com,New Tiffanystad,276.750.3631,40199,FnEHK71s
Eric,Reed,Broadcast presenter,"Pharmacist, hospital",michael96@example.org,Hebertland,+1-849-729-4207x082,30712,bYuJh12g
Robert,Carter,"Therapist, speech and language",Production manager,pagetodd@example.com,North Anneburgh,986-859-9721x5461,34943,gjfnhQ2W
Angela,Huffman,Travel agency manager,"Research officer, government",lawrencejulie@example.org,Hannahmouth,887-740-3051x36126,80041,2GmuS3pr
Janice,Lawson,"Programmer, multimedia",Charity officer,kimberlysalazar@example.org,North Robertside,(921)624-8609x56901,30439,hOzjkpC8
Christopher,Thompson,Translator,Chartered certified accountant,jameswatts@example.net,West Derek,+1-961-430-3709x630,43839,PJYcJk4y
Matthew,Hansen,Barista,Clothing/textile technologist,uwilson@example.org,Barnettside,(990)470-1560x0551,67878,FuwVHhR0
David,Wilson,Insurance account manager,Multimedia programmer,bradleychristine@example.org,Davidfort,607.370.5355,28223,wdXYenVS
Thomas,Myers,Charity fundraiser,Advertising account planner,tammy19@example.com,Richardsonville,338-946-9897x1863,99922,w4Ua3mwc
Robert,Nash,"Engineer, drilling","Librarian, public",bobrien@example.net,New Cassandraberg,521-723-9559,39135,B5kgt7Tz
Joseph,Joseph,Bookseller,Public house manager,brownvernon@example.org,Smithstad,001-716-486-4186x11510,87428,ILvu9DDL
Roberta,Cardenas,Hospital pharmacist,Chemical engineer,fmccoy@example.com,New Kevintown,426.814.2694,84618,Q1B3hVmx
Nicole,Hall,Insurance underwriter,Architect,wilsonmonica@example.net,Changbury,(416)926-3880x916,67953,JNr1IggU
